Gouvernance;;;
Gouvernance;Cabinet;;
Gouvernance;Cabinet;Service Presse;
Gouvernance;Défense et Promotion des droits de l'enfant;;
Gouvernance;Déontologie dans le domaine de la sécurité;;
Gouvernance;Lutte contre les discriminations et la promotion de l'égalité;;
Gouvernance;Médiation avec les services publics;;
Gouvernance;Secrétariat général;;
Gouvernance;Secrétariat général;Promotion de l'Égalité et de l'Accès aux Droits;
Gouvernance;Secrétariat général;Promotion de l'Égalité et de l'Accès aux Droits;Accès aux droits et discrimination
Gouvernance;Secrétariat général;Promotion de l'Égalité et de l'Accès aux Droits;Communication et formation
Gouvernance;Secrétariat général;Promotion de l'Égalité et de l'Accès aux Droits;Relations institutionnelles et réformes
Gouvernance;Secrétariat général;protection des droits - Affaires judiciaires;
Gouvernance;Secrétariat général;protection des droits - Affaires judiciaires;Défense des droits de l'enfant
Gouvernance;Secrétariat général;protection des droits - Affaires judiciaires;Déontologie de la sécurité
Gouvernance;Secrétariat général;protection des droits - Affaires judiciaires;emploi, biens et services privés
Gouvernance;Secrétariat général;protection des droits - Affaires judiciaires;Justice et libertés
Gouvernance;Secrétariat général;protection des droits - Affaires judiciaires;Santé
Gouvernance;Secrétariat général;Protection des droits - Affaires publiques;
Gouvernance;Secrétariat général;Protection des droits - Affaires publiques;Droits fondamentaux des étrangers
Gouvernance;Secrétariat général;Protection des droits - Affaires publiques;Fonction publique
Gouvernance;Secrétariat général;Protection des droits - Affaires publiques;Protection sociale et solidarité
Gouvernance;Secrétariat général;Protection des droits - Affaires publiques;Services Publics
Gouvernance;Secrétariat général;Recevabilité, Oreintation, Accès aux droits;
Gouvernance;Secrétariat général;Réseau Territorial;
Gouvernance;Secrétariat général;Services administration générale;
Gouvernance;Secrétariat général;Services administration générale;Finances et affaires générales
Gouvernance;Secrétariat général;Services administration générale;Informatique
Gouvernance;Secrétariat général;Services administration générale;Ressources humaines